select a.Nombre, l.Titulo
from libroAutor la
INNER JOIN Autor a ON la.idAutor = a.idAutor
INNER JOIN Libro l ON la.idLibro = l.idLibro;
​
INSERT INTO `Biblioteca_DB`.`Libro` (`idLibro`, `Titulo`, `Editorial`, `Area`) VALUES (2, 'Cien Años de Soledad', 'MGroup', 'Romantico');
INSERT INTO `Biblioteca_DB`.`Libro` (`idLibro`, `Titulo`, `Editorial`, `Area`) VALUES (3, 'El secreto', 'Salamandra', 'Misterio');
INSERT INTO `Biblioteca_DB`.`Libro` (`idLibro`, `Titulo`, `Editorial`, `Area`) VALUES (4, 'El Universo: Guía de viaje', 'Italian', 'Fantasia');
INSERT INTO `Biblioteca_DB`.`Libro` (`idLibro`, `Titulo`, `Editorial`, `Area`) VALUES (6, 'El principito', 'Saint-Exupéry', 'Fantasia');
INSERT INTO `Biblioteca_DB`.`Libro` (`idLibro`, `Titulo`, `Editorial`, `Area`) VALUES (5, 'El padrino', 'Salamandra', 'Crimen');
INSERT INTO `Biblioteca_DB`.`Libro` (`idLibro`, `Titulo`, `Editorial`, `Area`) VALUES (7, 'Harry Potter', 'Bloomsbury', 'Ciencia Ficcion');
​
​
insert into autor (idAutor, nombre, nacionalidad) values (2, "Stephen King", "USA");
insert into autor (idAutor, nombre, nacionalidad) values (3, "Thomas Harris", "USA");
insert into autor (idAutor, nombre, nacionalidad) values (4, "Edgar Allan Poe", "USA");
insert into autor (idAutor, nombre, nacionalidad) values (5, "Mario Vargas Llosa", "Peru");
insert into autor (idAutor, nombre, nacionalidad) values (6, "Mario Puzo", "Italian");
insert into autor (idAutor, nombre, nacionalidad) values (7, "J.K. Rowling", "Francesa");
​
INSERT INTO `Biblioteca_DB`.`LibroAutor` (`idAutor`, `idLibro`) VALUES (2, 2);
INSERT INTO `Biblioteca_DB`.`LibroAutor` (`idAutor`, `idLibro`) VALUES (3, 3);
INSERT INTO `Biblioteca_DB`.`LibroAutor` (`idAutor`, `idLibro`) VALUES (4, 4);
INSERT INTO `Biblioteca_DB`.`LibroAutor` (`idAutor`, `idLibro`) VALUES (5, 6);
INSERT INTO `Biblioteca_DB`.`LibroAutor` (`idAutor`, `idLibro`) VALUES (6, 5);
INSERT INTO `Biblioteca_DB`.`LibroAutor` (`idAutor`, `idLibro`) VALUES (7, 7);
​
INSERT INTO `Biblioteca_DB`.`Prestamo`
(`idLector`,
`idLibro`,
`FechaPrestamo`,
`FechaDevolucion`,
`Devuelto`)
VALUES
(1,
2,
'2022-11-11',
'2022-11-17',
True);
INSERT INTO `Biblioteca_DB`.`Prestamo`
(`idLector`,
`idLibro`,
`FechaPrestamo`,
`FechaDevolucion`,
`Devuelto`)
VALUES
(3,
1,
'2022-09-10',
'2022-10-16',
True);
​
INSERT INTO `Biblioteca_DB`.`Prestamo`
(`idLector`,
`idLibro`,
`FechaPrestamo`,
`FechaDevolucion`,
`Devuelto`)
VALUES
(1,
2,
'2021-07-02',
'2021-07-16',
True);
​
INSERT INTO `Biblioteca_DB`.`Estudiante`
(`idLector`,
`Nombre`,
`Apellido`,
`Direccion`,
`Carrera`,
`Edad`)
VALUES
(1,
"Camila",
"Rodriguez",
"direccion1",
"Derecho",
23);
​
INSERT INTO `Biblioteca_DB`.`Estudiante`
(`idLector`,
`Nombre`,
`Apellido`,
`Direccion`,
`Carrera`,
`Edad`)
VALUES
(2,
"Axel",
"Palombo",
"direccion2",
"Marino",
25);
​
INSERT INTO `Biblioteca_DB`.`Estudiante`
(`idLector`,
`Nombre`,
`Apellido`,
`Direccion`,
`Carrera`,
`Edad`)
VALUES
(3,
"Adrian",
"Mesa",
"direccion3",
"Informa",
19);
INSERT INTO `Biblioteca_DB`.`Estudiante`
(`idLector`,
`Nombre`,
`Apellido`,
`Direccion`,
`Carrera`,
`Edad`)
VALUES
(4,
"Emilio",
"Luna",
"direccion4",
"Informatica",
30);
INSERT INTO `Biblioteca_DB`.`Estudiante`
(`idLector`,
`Nombre`,
`Apellido`,
`Direccion`,
`Carrera`,
`Edad`)
VALUES
(5,
"Julieta",
"Dumas",
"direccion5",
"Informatica",
18);
​
​
​
​
​
​
​
​
​
​
Contraer








17:47
Untitled.sql
 
-- MySQL Script generated by MySQL Workbench
-- Fri Dec  2 15:47:35 2022
-- Model: New Model    Version: 1.0
-- MySQL Workbench Forward Engineering
​
SET @OLD_UNIQUE_CHECKS=@@UNIQUE_CHECKS, UNIQUE_CHECKS=0;
SET @OLD_FOREIGN_KEY_CHECKS=@@FOREIGN_KEY_CHECKS, FOREIGN_KEY_CHECKS=0;
SET @OLD_SQL_MODE=@@SQL_MODE, SQL_MODE='ONLY_FULL_GROUP_BY,STRICT_TRANS_TABLES,NO_ZERO_IN_DATE,NO_ZERO_DATE,ERROR_FOR_DIVISION_BY_ZERO,NO_ENGINE_SUBSTITUTION';
​
-- -----------------------------------------------------
-- Schema Biblioteca_DB
-- -----------------------------------------------------
​
-- -----------------------------------------------------
-- Schema Biblioteca_DB
-- -----------------------------------------------------
CREATE SCHEMA IF NOT EXISTS `Biblioteca_DB` DEFAULT CHARACTER SET utf8 ;
USE `Biblioteca_DB` ;
​
-- -----------------------------------------------------
-- Table `Biblioteca_DB`.`Autor`
-- -----------------------------------------------------
CREATE TABLE IF NOT EXISTS `Biblioteca_DB`.`Autor` (
  `idAutor` INT(11) NOT NULL,
  `Nombre` VARCHAR(45) NULL DEFAULT NULL,
  `Nacionalidad` VARCHAR(45) NULL DEFAULT NULL,
  PRIMARY KEY (`idAutor`))
ENGINE = InnoDB
DEFAULT CHARACTER SET = utf8;
​
​
-- -----------------------------------------------------
-- Table `Biblioteca_DB`.`Estudiante`
-- -----------------------------------------------------
CREATE TABLE IF NOT EXISTS `Biblioteca_DB`.`Estudiante` (
  `idLector` INT(11) NOT NULL,
  `Nombre` VARCHAR(45) NULL DEFAULT NULL,
  `Apellido` VARCHAR(45) NULL DEFAULT NULL,
  `Direccion` VARCHAR(45) NULL DEFAULT NULL,
  `Carrera` VARCHAR(45) NULL DEFAULT NULL,
  `Edad` INT(11) NULL DEFAULT NULL,
  PRIMARY KEY (`idLector`))
ENGINE = InnoDB
DEFAULT CHARACTER SET = utf8;
​
​
-- -----------------------------------------------------
-- Table `Biblioteca_DB`.`Libro`
-- -----------------------------------------------------
CREATE TABLE IF NOT EXISTS `Biblioteca_DB`.`Libro` (
  `idLibro` INT(11) NOT NULL,
  `Titulo` VARCHAR(45) NULL DEFAULT NULL,
  `Editorial` VARCHAR(45) NULL DEFAULT NULL,
  `Area` VARCHAR(45) NULL DEFAULT NULL,
  PRIMARY KEY (`idLibro`))
ENGINE = InnoDB
DEFAULT CHARACTER SET = utf8;
​
​
-- -----------------------------------------------------
-- Table `Biblioteca_DB`.`LibroAutor`
-- -----------------------------------------------------
CREATE TABLE IF NOT EXISTS `Biblioteca_DB`.`LibroAutor` (
  `idAutor` INT(11) NULL DEFAULT NULL,
  `idLibro` INT(11) NULL DEFAULT NULL,
  INDEX `idLibro_idx` (`idLibro` ASC) VISIBLE,
  INDEX `idAutor_idx` (`idAutor` ASC) VISIBLE,
  CONSTRAINT `idAutor`
    FOREIGN KEY (`idAutor`)
    REFERENCES `Biblioteca_DB`.`Autor` (`idAutor`)
    ON DELETE NO ACTION
    ON UPDATE NO ACTION,
  CONSTRAINT `idLibro`
    FOREIGN KEY (`idLibro`)
    REFERENCES `Biblioteca_DB`.`Libro` (`idLibro`)
    ON DELETE NO ACTION
    ON UPDATE NO ACTION)
ENGINE = InnoDB
DEFAULT CHARACTER SET = utf8;
​
​
-- -----------------------------------------------------
-- Table `Biblioteca_DB`.`Prestamo`
-- -----------------------------------------------------
CREATE TABLE IF NOT EXISTS `Biblioteca_DB`.`Prestamo` (
  `idLector` INT(11) NULL DEFAULT NULL,
  `idLibro` INT(11) NULL DEFAULT NULL,
  `FechaPrestamo` DATETIME NULL DEFAULT NULL,
  `FechaDevolucion` DATETIME NULL DEFAULT NULL,
  `Devuelto` DOUBLE NULL DEFAULT NULL,
  INDEX `idLector_idx` (`idLector` ASC) VISIBLE,
  INDEX `idLibro_idx` (`idLibro` ASC) VISIBLE,
  CONSTRAINT `idLect`
    FOREIGN KEY (`idLector`)
    REFERENCES `Biblioteca_DB`.`Estudiante` (`idLector`)
    ON DELETE NO ACTION
    ON UPDATE NO ACTION,
  CONSTRAINT `idLib`
    FOREIGN KEY (`idLibro`)
    REFERENCES `Biblioteca_DB`.`Libro` (`idLibro`)
    ON DELETE NO ACTION
    ON UPDATE NO ACTION)
ENGINE = InnoDB
DEFAULT CHARACTER SET = utf8;
​
​
SET SQL_MODE=@OLD_SQL_MODE;
SET FOREIGN_KEY_CHECKS=@OLD_FOREIGN_KEY_CHECKS;
SET UNIQUE_CHECKS=@OLD_UNIQUE_CHECKS;