[
  {
    "name": "Luke Skywalker",
    "height": 172,
    "mass": 77,
    "hair_color": "blond",
    "skin_color": "fair",
    "eye_color": "blue",
    "birth_year": "19BBY",
    "gender": "male",
    "homeworld": "Tatooine",
    "species": "Human"
  },
  {
    "name": "C-3PO",
    "height": 167,
    "mass": 75,
    "hair_color": "NA",
    "skin_color": "gold",
    "eye_color": "yellow",
    "birth_year": "112BBY",
    "gender": "NA",
    "homeworld": "Tatooine",
    "species": "Droid"
  },
  {
    "name": "R2-D2",
    "height": 96,
    "mass": 32,
    "hair_color": "NA",
    "skin_color": "white, blue",
    "eye_color": "red",
    "birth_year": "33BBY",
    "gender": "NA",
    "homeworld": "Naboo",
    "species": "Droid"
  },
  {
    "name": "Darth Vader",
    "height": 202,
    "mass": 136,
    "hair_color": "none",
    "skin_color": "white",
    "eye_color": "yellow",
    "birth_year": "41.9BBY",
    "gender": "male",
    "homeworld": "Tatooine",
    "species": "Human"
  },
  {
    "name": "Leia Organa",
    "height": 150,
    "mass": 49,
    "hair_color": "brown",
    "skin_color": "light",
    "eye_color": "brown",
    "birth_year": "19BBY",
    "gender": "female",
    "homeworld": "Alderaan",
    "species": "Human"
  },
  {
    "name": "Owen Lars",
    "height": 178,
    "mass": 120,
    "hair_color": "brown, grey",
    "skin_color": "light",
    "eye_color": "blue",
    "birth_year": "52BBY",
    "gender": "male",
    "homeworld": "Tatooine",
    "species": "Human"
  },
  {
    "name": "Beru Whitesun lars",
    "height": 165,
    "mass": 75,
    "hair_color": "brown",
    "skin_color": "light",
    "eye_color": "blue",
    "birth_year": "47BBY",
    "gender": "female",
    "homeworld": "Tatooine",
    "species": "Human"
  },
  {
    "name": "R5-D4",
    "height": 97,
    "mass": 32,
    "hair_color": "NA",
    "skin_color": "white, red",
    "eye_color": "red",
    "birth_year": "NA",
    "gender": "NA",
    "homeworld": "Tatooine",
    "species": "Droid"
  },
  {
    "name": "Biggs Darklighter",
    "height": 183,
    "mass": 84,
    "hair_color": "black",
    "skin_color": "light",
    "eye_color": "brown",
    "birth_year": "24BBY",
    "gender": "male",
    "homeworld": "Tatooine",
    "species": "Human"
  },
  {
    "name": "Obi-Wan Kenobi",
    "height": 182,
    "mass": 77,
    "hair_color": "auburn, white",
    "skin_color": "fair",
    "eye_color": "blue-gray",
    "birth_year": "57BBY",
    "gender": "male",
    "homeworld": "Stewjon",
    "species": "Human"
  },
  {
    "name": "Anakin Skywalker",
    "height": 188,
    "mass": 84,
    "hair_color": "blond",
    "skin_color": "fair",
    "eye_color": "blue",
    "birth_year": "41.9BBY",
    "gender": "male",
    "homeworld": "Tatooine",
    "species": "Human"
  },
  {
    "name": "Wilhuff Tarkin",
    "height": 180,
    "mass": "NA",
    "hair_color": "auburn, grey",
    "skin_color": "fair",
    "eye_color": "blue",
    "birth_year": "64BBY",
    "gender": "male",
    "homeworld": "Eriadu",
    "species": "Human"
  },
  {
    "name": "Chewbacca",
    "height": 228,
    "mass": 112,
    "hair_color": "brown",
    "skin_color": "NA",
    "eye_color": "blue",
    "birth_year": "200BBY",
    "gender": "male",
    "homeworld": "Kashyyyk",
    "species": "Wookiee"
  },
  {
    "name": "Han Solo",
    "height": 180,
    "mass": 80,
    "hair_color": "brown",
    "skin_color": "fair",
    "eye_color": "brown",
    "birth_year": "29BBY",
    "gender": "male",
    "homeworld": "Corellia",
    "species": "Human"
  },
  {
    "name": "Greedo",
    "height": 173,
    "mass": 74,
    "hair_color": "NA",
    "skin_color": "green",
    "eye_color": "black",
    "birth_year": "44BBY",
    "gender": "male",
    "homeworld": "Rodia",
    "species": "Rodian"
  },
  {
    "name": "Jabba Desilijic Tiure",
    "height": 175,
    "mass": "1,358",
    "hair_color": "NA",
    "skin_color": "green-tan, brown",
    "eye_color": "orange",
    "birth_year": "600BBY",
    "gender": "hermaphrodite",
    "homeworld": "Nal Hutta",
    "species": "Hutt"
  },
  {
    "name": "Wedge Antilles",
    "height": 170,
    "mass": 77,
    "hair_color": "brown",
    "skin_color": "fair",
    "eye_color": "hazel",
    "birth_year": "21BBY",
    "gender": "male",
    "homeworld": "Corellia",
    "species": "Human"
  },
  {
    "name": "Jek Tono Porkins",
    "height": 180,
    "mass": 110,
    "hair_color": "brown",
    "skin_color": "fair",
    "eye_color": "blue",
    "birth_year": "NA",
    "gender": "male",
    "homeworld": "Bestine IV",
    "species": "Human"
  },
  {
    "name": "Yoda",
    "height": 66,
    "mass": 17,
    "hair_color": "white",
    "skin_color": "green",
    "eye_color": "brown",
    "birth_year": "896BBY",
    "gender": "male",
    "homeworld": "NA",
    "species": "Yoda's species"
  },
  {
    "name": "Palpatine",
    "height": 170,
    "mass": 75,
    "hair_color": "grey",
    "skin_color": "pale",
    "eye_color": "yellow",
    "birth_year": "82BBY",
    "gender": "male",
    "homeworld": "Naboo",
    "species": "Human"
  },
  {
    "name": "Boba Fett",
    "height": 183,
    "mass": 78.2,
    "hair_color": "black",
    "skin_color": "fair",
    "eye_color": "brown",
    "birth_year": "31.5BBY",
    "gender": "male",
    "homeworld": "Kamino",
    "species": "Human"
  },
  {
    "name": "IG-88",
    "height": 200,
    "mass": 140,
    "hair_color": "none",
    "skin_color": "metal",
    "eye_color": "red",
    "birth_year": "15BBY",
    "gender": "none",
    "homeworld": "NA",
    "species": "Droid"
  },
  {
    "name": "Bossk",
    "height": 190,
    "mass": 113,
    "hair_color": "none",
    "skin_color": "green",
    "eye_color": "red",
    "birth_year": "53BBY",
    "gender": "male",
    "homeworld": "Trandosha",
    "species": "Trandoshan"
  },
  {
    "name": "Lando Calrissian",
    "height": 177,
    "mass": 79,
    "hair_color": "black",
    "skin_color": "dark",
    "eye_color": "brown",
    "birth_year": "31BBY",
    "gender": "male",
    "homeworld": "Socorro",
    "species": "Human"
  },
  {
    "name": "Lobot",
    "height": 175,
    "mass": 79,
    "hair_color": "none",
    "skin_color": "light",
    "eye_color": "blue",
    "birth_year": "37BBY",
    "gender": "male",
    "homeworld": "Bespin",
    "species": "Human"
  },
  {
    "name": "Ackbar",
    "height": 180,
    "mass": 83,
    "hair_color": "none",
    "skin_color": "brown mottle",
    "eye_color": "orange",
    "birth_year": "41BBY",
    "gender": "male",
    "homeworld": "Mon Cala",
    "species": "Mon Calamari"
  },
  {
    "name": "Mon Mothma",
    "height": 150,
    "mass": "NA",
    "hair_color": "auburn",
    "skin_color": "fair",
    "eye_color": "blue",
    "birth_year": "48BBY",
    "gender": "female",
    "homeworld": "Chandrila",
    "species": "Human"
  },
  {
    "name": "Arvel Crynyd",
    "height": "NA",
    "mass": "NA",
    "hair_color": "brown",
    "skin_color": "fair",
    "eye_color": "brown",
    "birth_year": "NA",
    "gender": "male",
    "homeworld": "NA",
    "species": "Human"
  },
  {
    "name": "Wicket Systri Warrick",
    "height": 88,
    "mass": 20,
    "hair_color": "brown",
    "skin_color": "brown",
    "eye_color": "brown",
    "birth_year": "8BBY",
    "gender": "male",
    "homeworld": "Endor",
    "species": "Ewok"
  },
  {
    "name": "Nien Nunb",
    "height": 160,
    "mass": 68,
    "hair_color": "none",
    "skin_color": "grey",
    "eye_color": "black",
    "birth_year": "NA",
    "gender": "male",
    "homeworld": "Sullust",
    "species": "Sullustan"
  },
  {
    "name": "Qui-Gon Jinn",
    "height": 193,
    "mass": 89,
    "hair_color": "brown",
    "skin_color": "fair",
    "eye_color": "blue",
    "birth_year": "92BBY",
    "gender": "male",
    "homeworld": "NA",
    "species": "Human"
  },
  {
    "name": "Nute Gunray",
    "height": 191,
    "mass": 90,
    "hair_color": "none",
    "skin_color": "mottled green",
    "eye_color": "red",
    "birth_year": "NA",
    "gender": "male",
    "homeworld": "Cato Neimoidia",
    "species": "Neimodian"
  },
  {
    "name": "Finis Valorum",
    "height": 170,
    "mass": "NA",
    "hair_color": "blond",
    "skin_color": "fair",
    "eye_color": "blue",
    "birth_year": "91BBY",
    "gender": "male",
    "homeworld": "Coruscant",
    "species": "Human"
  },
  {
    "name": "Jar Jar Binks",
    "height": 196,
    "mass": 66,
    "hair_color": "none",
    "skin_color": "orange",
    "eye_color": "orange",
    "birth_year": "52BBY",
    "gender": "male",
    "homeworld": "Naboo",
    "species": "Gungan"
  },
  {
    "name": "Roos Tarpals",
    "height": 224,
    "mass": 82,
    "hair_color": "none",
    "skin_color": "grey",
    "eye_color": "orange",
    "birth_year": "NA",
    "gender": "male",
    "homeworld": "Naboo",
    "species": "Gungan"
  },
  {
    "name": "Rugor Nass",
    "height": 206,
    "mass": "NA",
    "hair_color": "none",
    "skin_color": "green",
    "eye_color": "orange",
    "birth_year": "NA",
    "gender": "male",
    "homeworld": "Naboo",
    "species": "Gungan"
  },
  {
    "name": "Ric Olié",
    "height": 183,
    "mass": "NA",
    "hair_color": "brown",
    "skin_color": "fair",
    "eye_color": "blue",
    "birth_year": "NA",
    "gender": "male",
    "homeworld": "Naboo",
    "species": "NA"
  },
  {
    "name": "Watto",
    "height": 137,
    "mass": "NA",
    "hair_color": "black",
    "skin_color": "blue, grey",
    "eye_color": "yellow",
    "birth_year": "NA",
    "gender": "male",
    "homeworld": "Toydaria",
    "species": "Toydarian"
  },
  {
    "name": "Sebulba",
    "height": 112,
    "mass": 40,
    "hair_color": "none",
    "skin_color": "grey, red",
    "eye_color": "orange",
    "birth_year": "NA",
    "gender": "male",
    "homeworld": "Malastare",
    "species": "Dug"
  },
  {
    "name": "Quarsh Panaka",
    "height": 183,
    "mass": "NA",
    "hair_color": "black",
    "skin_color": "dark",
    "eye_color": "brown",
    "birth_year": "62BBY",
    "gender": "male",
    "homeworld": "Naboo",
    "species": "NA"
  },
  {
    "name": "Shmi Skywalker",
    "height": 163,
    "mass": "NA",
    "hair_color": "black",
    "skin_color": "fair",
    "eye_color": "brown",
    "birth_year": "72BBY",
    "gender": "female",
    "homeworld": "Tatooine",
    "species": "Human"
  },
  {
    "name": "Darth Maul",
    "height": 175,
    "mass": 80,
    "hair_color": "none",
    "skin_color": "red",
    "eye_color": "yellow",
    "birth_year": "54BBY",
    "gender": "male",
    "homeworld": "Dathomir",
    "species": "Zabrak"
  },
  {
    "name": "Bib Fortuna",
    "height": 180,
    "mass": "NA",
    "hair_color": "none",
    "skin_color": "pale",
    "eye_color": "pink",
    "birth_year": "NA",
    "gender": "male",
    "homeworld": "Ryloth",
    "species": "Twi'lek"
  },
  {
    "name": "Ayla Secura",
    "height": 178,
    "mass": 55,
    "hair_color": "none",
    "skin_color": "blue",
    "eye_color": "hazel",
    "birth_year": "48BBY",
    "gender": "female",
    "homeworld": "Ryloth",
    "species": "Twi'lek"
  },
  {
    "name": "Dud Bolt",
    "height": 94,
    "mass": 45,
    "hair_color": "none",
    "skin_color": "blue, grey",
    "eye_color": "yellow",
    "birth_year": "NA",
    "gender": "male",
    "homeworld": "Vulpter",
    "species": "Vulptereen"
  },
  {
    "name": "Gasgano",
    "height": 122,
    "mass": "NA",
    "hair_color": "none",
    "skin_color": "white, blue",
    "eye_color": "black",
    "birth_year": "NA",
    "gender": "male",
    "homeworld": "Troiken",
    "species": "Xexto"
  },
  {
    "name": "Ben Quadinaros",
    "height": 163,
    "mass": 65,
    "hair_color": "none",
    "skin_color": "grey, green, yellow",
    "eye_color": "orange",
    "birth_year": "NA",
    "gender": "male",
    "homeworld": "Tund",
    "species": "Toong"
  },
  {
    "name": "Mace Windu",
    "height": 188,
    "mass": 84,
    "hair_color": "none",
    "skin_color": "dark",
    "eye_color": "brown",
    "birth_year": "72BBY",
    "gender": "male",
    "homeworld": "Haruun Kal",
    "species": "Human"
  },
  {
    "name": "Ki-Adi-Mundi",
    "height": 198,
    "mass": 82,
    "hair_color": "white",
    "skin_color": "pale",
    "eye_color": "yellow",
    "birth_year": "92BBY",
    "gender": "male",
    "homeworld": "Cerea",
    "species": "Cerean"
  },
  {
    "name": "Kit Fisto",
    "height": 196,
    "mass": 87,
    "hair_color": "none",
    "skin_color": "green",
    "eye_color": "black",
    "birth_year": "NA",
    "gender": "male",
    "homeworld": "Glee Anselm",
    "species": "Nautolan"
  },
  {
    "name": "Eeth Koth",
    "height": 171,
    "mass": "NA",
    "hair_color": "black",
    "skin_color": "brown",
    "eye_color": "brown",
    "birth_year": "NA",
    "gender": "male",
    "homeworld": "Iridonia",
    "species": "Zabrak"
  },
  {
    "name": "Adi Gallia",
    "height": 184,
    "mass": 50,
    "hair_color": "none",
    "skin_color": "dark",
    "eye_color": "blue",
    "birth_year": "NA",
    "gender": "female",
    "homeworld": "Coruscant",
    "species": "Tholothian"
  },
  {
    "name": "Saesee Tiin",
    "height": 188,
    "mass": "NA",
    "hair_color": "none",
    "skin_color": "pale",
    "eye_color": "orange",
    "birth_year": "NA",
    "gender": "male",
    "homeworld": "Iktotch",
    "species": "Iktotchi"
  },
  {
    "name": "Yarael Poof",
    "height": 264,
    "mass": "NA",
    "hair_color": "none",
    "skin_color": "white",
    "eye_color": "yellow",
    "birth_year": "NA",
    "gender": "male",
    "homeworld": "Quermia",
    "species": "Quermian"
  },
  {
    "name": "Plo Koon",
    "height": 188,
    "mass": 80,
    "hair_color": "none",
    "skin_color": "orange",
    "eye_color": "black",
    "birth_year": "22BBY",
    "gender": "male",
    "homeworld": "Dorin",
    "species": "Kel Dor"
  },
  {
    "name": "Mas Amedda",
    "height": 196,
    "mass": "NA",
    "hair_color": "none",
    "skin_color": "blue",
    "eye_color": "blue",
    "birth_year": "NA",
    "gender": "male",
    "homeworld": "Champala",
    "species": "Chagrian"
  },
  {
    "name": "Gregar Typho",
    "height": 185,
    "mass": 85,
    "hair_color": "black",
    "skin_color": "dark",
    "eye_color": "brown",
    "birth_year": "NA",
    "gender": "male",
    "homeworld": "Naboo",
    "species": "Human"
  },
  {
    "name": "Cordé",
    "height": 157,
    "mass": "NA",
    "hair_color": "brown",
    "skin_color": "light",
    "eye_color": "brown",
    "birth_year": "NA",
    "gender": "female",
    "homeworld": "Naboo",
    "species": "Human"
  },
  {
    "name": "Cliegg Lars",
    "height": 183,
    "mass": "NA",
    "hair_color": "brown",
    "skin_color": "fair",
    "eye_color": "blue",
    "birth_year": "82BBY",
    "gender": "male",
    "homeworld": "Tatooine",
    "species": "Human"
  },
  {
    "name": "Poggle the Lesser",
    "height": 183,
    "mass": 80,
    "hair_color": "none",
    "skin_color": "green",
    "eye_color": "yellow",
    "birth_year": "NA",
    "gender": "male",
    "homeworld": "Geonosis",
    "species": "Geonosian"
  },
  {
    "name": "Luminara Unduli",
    "height": 170,
    "mass": 56.2,
    "hair_color": "black",
    "skin_color": "yellow",
    "eye_color": "blue",
    "birth_year": "58BBY",
    "gender": "female",
    "homeworld": "Mirial",
    "species": "Mirialan"
  },
  {
    "name": "Barriss Offee",
    "height": 166,
    "mass": 50,
    "hair_color": "black",
    "skin_color": "yellow",
    "eye_color": "blue",
    "birth_year": "40BBY",
    "gender": "female",
    "homeworld": "Mirial",
    "species": "Mirialan"
  },
  {
    "name": "Dormé",
    "height": 165,
    "mass": "NA",
    "hair_color": "brown",
    "skin_color": "light",
    "eye_color": "brown",
    "birth_year": "NA",
    "gender": "female",
    "homeworld": "Naboo",
    "species": "Human"
  },
  {
    "name": "Dooku",
    "height": 193,
    "mass": 80,
    "hair_color": "white",
    "skin_color": "fair",
    "eye_color": "brown",
    "birth_year": "102BBY",
    "gender": "male",
    "homeworld": "Serenno",
    "species": "Human"
  },
  {
    "name": "Bail Prestor Organa",
    "height": 191,
    "mass": "NA",
    "hair_color": "black",
    "skin_color": "tan",
    "eye_color": "brown",
    "birth_year": "67BBY",
    "gender": "male",
    "homeworld": "Alderaan",
    "species": "Human"
  },
  {
    "name": "Jango Fett",
    "height": 183,
    "mass": 79,
    "hair_color": "black",
    "skin_color": "tan",
    "eye_color": "brown",
    "birth_year": "66BBY",
    "gender": "male",
    "homeworld": "Concord Dawn",
    "species": "Human"
  },
  {
    "name": "Zam Wesell",
    "height": 168,
    "mass": 55,
    "hair_color": "blonde",
    "skin_color": "fair, green, yellow",
    "eye_color": "yellow",
    "birth_year": "NA",
    "gender": "female",
    "homeworld": "Zolan",
    "species": "Clawdite"
  },
  {
    "name": "Dexter Jettster",
    "height": 198,
    "mass": 102,
    "hair_color": "none",
    "skin_color": "brown",
    "eye_color": "yellow",
    "birth_year": "NA",
    "gender": "male",
    "homeworld": "Ojom",
    "species": "Besalisk"
  },
  {
    "name": "Lama Su",
    "height": 229,
    "mass": 88,
    "hair_color": "none",
    "skin_color": "grey",
    "eye_color": "black",
    "birth_year": "NA",
    "gender": "male",
    "homeworld": "Kamino",
    "species": "Kaminoan"
  },
  {
    "name": "Taun We",
    "height": 213,
    "mass": "NA",
    "hair_color": "none",
    "skin_color": "grey",
    "eye_color": "black",
    "birth_year": "NA",
    "gender": "female",
    "homeworld": "Kamino",
    "species": "Kaminoan"
  },
  {
    "name": "Jocasta Nu",
    "height": 167,
    "mass": "NA",
    "hair_color": "white",
    "skin_color": "fair",
    "eye_color": "blue",
    "birth_year": "NA",
    "gender": "female",
    "homeworld": "Coruscant",
    "species": "Human"
  },
  {
    "name": "Ratts Tyerell",
    "height": 79,
    "mass": 15,
    "hair_color": "none",
    "skin_color": "grey, blue",
    "eye_color": "NA",
    "birth_year": "NA",
    "gender": "male",
    "homeworld": "Aleen Minor",
    "species": "Aleena"
  },
  {
    "name": "R4-P17",
    "height": 96,
    "mass": "NA",
    "hair_color": "none",
    "skin_color": "silver, red",
    "eye_color": "red, blue",
    "birth_year": "NA",
    "gender": "female",
    "homeworld": "NA",
    "species": "NA"
  },
  {
    "name": "Wat Tambor",
    "height": 193,
    "mass": 48,
    "hair_color": "none",
    "skin_color": "green, grey",
    "eye_color": "NA",
    "birth_year": "NA",
    "gender": "male",
    "homeworld": "Skako",
    "species": "Skakoan"
  },
  {
    "name": "San Hill",
    "height": 191,
    "mass": "NA",
    "hair_color": "none",
    "skin_color": "grey",
    "eye_color": "gold",
    "birth_year": "NA",
    "gender": "male",
    "homeworld": "Muunilinst",
    "species": "Muun"
  },
  {
    "name": "Shaak Ti",
    "height": 178,
    "mass": 57,
    "hair_color": "none",
    "skin_color": "red, blue, white",
    "eye_color": "black",
    "birth_year": "NA",
    "gender": "female",
    "homeworld": "Shili",
    "species": "Togruta"
  },
  {
    "name": "Grievous",
    "height": 216,
    "mass": 159,
    "hair_color": "none",
    "skin_color": "brown, white",
    "eye_color": "green, yellow",
    "birth_year": "NA",
    "gender": "male",
    "homeworld": "Kalee",
    "species": "Kaleesh"
  },
  {
    "name": "Tarfful",
    "height": 234,
    "mass": 136,
    "hair_color": "brown",
    "skin_color": "brown",
    "eye_color": "blue",
    "birth_year": "NA",
    "gender": "male",
    "homeworld": "Kashyyyk",
    "species": "Wookiee"
  },
  {
    "name": "Raymus Antilles",
    "height": 188,
    "mass": 79,
    "hair_color": "brown",
    "skin_color": "light",
    "eye_color": "brown",
    "birth_year": "NA",
    "gender": "male",
    "homeworld": "Alderaan",
    "species": "Human"
  },
  {
    "name": "Sly Moore",
    "height": 178,
    "mass": 48,
    "hair_color": "none",
    "skin_color": "pale",
    "eye_color": "white",
    "birth_year": "NA",
    "gender": "female",
    "homeworld": "Umbara",
    "species": "NA"
  },
  {
    "name": "Tion Medon",
    "height": 206,
    "mass": 80,
    "hair_color": "none",
    "skin_color": "grey",
    "eye_color": "black",
    "birth_year": "NA",
    "gender": "male",
    "homeworld": "Utapau",
    "species": "Pau'an"
  },
  {
    "name": "Finn",
    "height": "NA",
    "mass": "NA",
    "hair_color": "black",
    "skin_color": "dark",
    "eye_color": "dark",
    "birth_year": "NA",
    "gender": "male",
    "homeworld": "NA",
    "species": "Human"
  },
  {
    "name": "Rey",
    "height": "NA",
    "mass": "NA",
    "hair_color": "brown",
    "skin_color": "light",
    "eye_color": "hazel",
    "birth_year": "NA",
    "gender": "female",
    "homeworld": "NA",
    "species": "Human"
  },
  {
    "name": "Poe Dameron",
    "height": "NA",
    "mass": "NA",
    "hair_color": "brown",
    "skin_color": "light",
    "eye_color": "brown",
    "birth_year": "NA",
    "gender": "male",
    "homeworld": "NA",
    "species": "Human"
  },
  {
    "name": "BB8",
    "height": "NA",
    "mass": "NA",
    "hair_color": "none",
    "skin_color": "none",
    "eye_color": "black",
    "birth_year": "NA",
    "gender": "none",
    "homeworld": "NA",
    "species": "Droid"
  },
  {
    "name": "Captain Phasma",
    "height": "NA",
    "mass": "NA",
    "hair_color": "NA",
    "skin_color": "NA",
    "eye_color": "NA",
    "birth_year": "NA",
    "gender": "female",
    "homeworld": "NA",
    "species": "NA"
  },
  {
    "name": "Padmé Amidala",
    "height": 165,
    "mass": 45,
    "hair_color": "brown",
    "skin_color": "light",
    "eye_color": "brown",
    "birth_year": "46BBY",
    "gender": "female",
    "homeworld": "Naboo",
    "species": "Human"
  }
]